num ligne,login,passwd,Nom,nom usage,Pr√©nom,sexe,email,telephone,date naissance,lieu naissance,code pays naissance,adresse pays,adresse ville,adresse CP,adresse voie
174,FC_SNT_1,123,I RGKKWM YN QNPINY V ,,Jeznjhjmy,female,,,1942-05-29,,99415,,,,
175,FC_SNT_2,123,GERIL,,Rridjs,female,,,1956-03-24,78646,99100,,,,
176,FC_SNT_3,123,UXIJU-INDJWZ             ,,Rtidn-Kkrilunlv,female,,,1952-05-26,87104,99100,,,,
177,FC_SNT_4,123,HHCGRT                   ,,Dofi,male,,,1944-04-10,82121,99100,,,,
178,FC_SNT_5,123,INDVB                    ,,Kkrilunl,male,,,1935-01-19,75116,99100,,,,
179,FC_SNT_6,123,QXCJDIM                  ,,Herdak,female,,,1971-11-28,92012,99100,,,,
180,FC_SNT_7,123,WHCGJTI                  ,,Kkrilunl,male,,,1973-07-18,75114,99100,,,,
181,FC_SNT_8,123,QHLQNZ                   ,,Xtsdwk,female,,,1972-11-19,78646,99100,,,,
182,FC_SNT_9,123,HTSVBYZM                 ,,Jovghtj,female,,,1960-10-19,75116,99100,,,,
183,FC_SNT_10,123,QXWZEXJ                  ,,Ibudnx,male,,,1956-01-15,76540,99100,,,,
184,FC_SNT_11,123,UTPZC                    ,,Ottldkx,male,,,1981-08-30,91021,99100,,,,
185,FC_SNT_12,123,RHYVVKI JJRRNAZ          ,,Wtptjt,male,,,2002-04-26,98516,99100,  ,,,
186,FC_AN_1,123,WGUZOYHMKZQBROZTLMYYBBEBK,,Iqlolzssdgqrpgx,female,,,1929-06-04,75106,99100,,,,
187,FC_AN_2,123,KCJLFKROTDDNOMQFBAMFHZHJI,,Gljltdrquvwwjbo,female,,,1949-08-10,19125,99100,,,,
188,FC_AN_3,123,SIAUQIULWTMXAPCRLPVYRHORZ,,Fpbdbpdmvmvydff,male,,,1929-12-26,19049,99100,,,,
189,FC_AN_4,123,HERUJWPPULQJKEQNWAQPRYOEX,,Qphairogyidjyry,male,,,1931-06-29,22088,99100,,,,
190,FC_AN_5,123,BRWTZZPPWMYOBEQHVKIQTCGLM,,Mdtctulceezwoek,female,,,1947-11-04,33110,99100,,,,
191,FC_AN_6,123,DZHSSXXOKFPILYOMXVKKGURHZ,,Kvccxvdrhavnbea,female,,,1940-12-28,63421,99100,,,,
192,FC_AN_7,123,BZDHYNLHGERJWPFEPWWABBION,,Dkkqyqsmiymnapo,male,,,1932-03-19,75115,99100,,,,
193,FC_AN_8,123,FSQUHRSCUAPHVAMABGWSKECKO,,Xtefilavoleoijq,male,,,1932-06-20,60612,99100,,,,
